{
  "id": "4156734",
  "name": "iconfont",
  "font_family": "iconfont",
  "css_prefix_text": "icon-",
  "description": "",
  "glyphs": [
    {
      "icon_id": "18267904",
      "name": "版权",
      "font_class": "banquan",
      "unicode": "e98b",
      "unicode_decimal": 59787
    },
    {
      "icon_id": "18170318",
      "name": "星,星星,星形,半星,实星",
      "font_class": "star",
      "unicode": "e9a4",
      "unicode_decimal": 59812
    },
    {
      "icon_id": "18170317",
      "name": "星,星星,星形,半星,实星",
      "font_class": "star-full",
      "unicode": "e9a1",
      "unicode_decimal": 59809
    },
    {
      "icon_id": "18170319",
      "name": "星,星星,星形,半星",
      "font_class": "star-half",
      "unicode": "e9a2",
      "unicode_decimal": 59810
    }
  ]
}
